,lifetime,broken,pressureInd,moistureInd,temperatureInd,provider_Provider2,provider_Provider3,provider_Provider4,team_TeamB,team_TeamC
0,56,0,92.1788540640753,104.230204454489,96.5171587259733,0,0,1,0,0
1,81,1,72.0759377229452,103.065701425235,87.2710621830793,0,0,1,0,1
2,60,0,96.2722544275301,77.8013760205322,112.196170262351,0,0,0,0,0
3,86,1,94.4064612569099,108.49360775332501,72.02537441010291,1,0,0,0,1
4,34,0,97.7528985897791,99.4134919963974,103.75627055327499,0,0,0,1,0
5,30,0,87.67880097330129,115.712262320356,89.79210466148541,0,0,0,0,0
6,68,0,94.61417403713399,85.7022356380606,142.827001371828,1,0,0,1,0
7,65,1,96.4833028856645,93.04679746738708,98.3161904467832,0,1,0,1,0
8,23,0,105.48615799058399,118.29199663070601,96.02882217911751,1,0,0,1,0
9,81,1,99.17823530577459,99.13871701071942,95.4929646113014,0,0,1,0,1
10,38,0,97.8178440900396,111.074167508023,94.9424432824847,0,0,1,1,0
11,29,0,67.81225144585629,96.10784622010179,122.371808723507,0,0,0,0,0
12,65,1,86.3661105866528,92.5619715887506,96.6679497218268,0,1,0,0,0
13,65,1,76.1446541448713,93.9734544334307,108.944272947925,0,1,0,0,0
14,82,1,103.10726325886299,103.673197146068,79.50453247681891,0,0,1,0,1
15,80,1,88.4140794509119,97.36275458474078,89.3198129558635,0,0,0,1,0
16,48,0,84.3550486764251,103.17491872375,102.399715112682,0,1,0,0,1
17,80,1,79.66925455152821,95.9269075080747,99.7356352858733,0,0,0,1,0
18,92,1,86.2291086098403,86.11189974285541,111.842548344086,1,0,0,1,0
19,88,1,84.1794203871626,114.074065743353,83.62744989138899,0,0,1,1,0
20,74,1,100.00592327836901,103.502876419145,96.8760349931477,0,0,0,0,1
21,65,0,115.60755955065599,103.013572734101,101.61684255280899,1,0,0,1,0
22,61,0,97.6971890319144,101.88496070936701,130.13567598160802,0,0,0,0,1
23,35,0,101.415622932101,89.75374603711,114.90943403870001,1,0,0,0,1
24,26,0,118.978697091642,105.298915992675,115.247084995721,1,0,0,0,0
25,63,0,102.11277493648701,106.25069460373001,92.3151951737787,0,1,0,0,0
26,88,1,129.124337837297,103.344720199179,92.84635902494009,0,0,1,0,0
27,79,1,109.033036160127,92.7541199037274,124.76044457018801,0,0,0,1,0
28,53,0,107.29806945047599,85.0552912921982,109.84100291177,0,1,0,0,0
29,73,1,127.263954387265,103.55729181332799,133.859669314911,0,0,0,0,1
30,60,1,138.19112046821698,91.656268959658,101.925927756907,0,1,0,0,1
31,13,0,72.55408416845451,111.376419170565,93.5414196283594,1,0,0,1,0
32,34,0,95.21464918093571,93.0717093398685,75.8454211390509,0,0,1,0,0
33,36,0,91.24713174386049,93.0372822347372,94.45839706864679,0,1,0,1,0
34,80,1,81.5553769784936,90.6988936711566,97.02690353467631,0,0,0,1,0
35,65,1,69.1345951914298,81.9801223418274,81.033925057653,0,1,0,1,0
36,31,0,132.85747840577199,82.0372826041976,106.719265124192,0,0,0,1,0
37,74,1,54.735331454844705,91.3244327121414,91.4247947250669,0,0,0,0,1
38,25,0,84.8986462765521,84.86790094942529,96.55605180010721,0,0,1,0,0
39,58,0,94.15228726339451,88.4466586827165,135.744778497752,0,1,0,1,0
40,80,1,84.3440664667572,103.377052077521,113.2754592699,0,0,0,0,0
41,65,1,95.75352436220119,92.31580753891791,95.3270283918878,0,1,0,0,0
42,19,0,123.928439942715,102.34025662719,110.950760877646,0,1,0,0,0
43,60,1,101.50535079221399,77.6598205058081,107.656093845233,0,1,0,0,1
44,84,0,120.94555020568501,101.98585192219299,101.884101694703,0,0,1,1,0
45,13,0,83.0685711492724,104.160709569624,124.362915255101,0,0,0,0,1
46,12,0,113.34912186668501,114.473185940525,101.565777156702,0,0,0,0,1
47,15,0,75.6466929947925,114.198857430972,86.81793728856199,0,0,0,0,1
48,26,0,113.43583213176201,91.82061857788601,95.36508541469509,0,0,1,0,0
49,43,0,81.7797835344172,91.9656538462526,75.14654633730692,0,0,1,0,0
50,80,1,68.85065142262779,106.21423575713499,115.71196989066999,0,0,0,1,0
51,65,1,150.665420952685,89.1390321941601,102.67990264076401,0,1,0,1,0
52,1,0,72.42312878147341,120.48415516176901,116.400433386931,1,0,0,1,0
53,34,0,97.132862327607,117.24490631636101,101.504204284428,0,0,1,0,0
54,80,1,113.965257013214,127.30260741562799,107.26473607810499,0,0,0,0,0
55,12,0,57.4632132550643,104.97908939295999,100.52801462858801,1,0,0,1,0
56,92,1,144.344517413483,95.1218621652731,127.840226198999,1,0,0,0,0
57,82,1,80.69223152527701,102.92545857331699,74.673652769543,0,0,1,0,1
58,65,1,93.9133259837448,91.26211515301979,91.4866178720903,0,1,0,1,0
59,20,0,73.32115289270259,123.89800032577101,129.439690146271,0,1,0,1,0
60,16,0,83.9583115687327,101.7508801791,117.898146254129,0,1,0,1,0
61,3,0,56.1717713452795,88.9170300237212,96.1433872824495,0,0,0,0,1
62,18,0,105.900037218583,104.268168669278,54.5736299504527,1,0,0,0,1
63,7,0,115.698400964051,105.85084571868,89.34379967746959,0,0,1,0,0
64,47,0,119.745995688186,119.104633488615,112.34128257558001,0,0,0,0,0
65,23,0,105.89376364107201,104.395459971189,118.38531664645599,0,1,0,0,0
66,39,0,87.3928413294564,106.16623393023599,84.52171258315501,0,0,1,1,0
67,48,0,82.88180028757941,91.0251786442303,94.6200738154102,1,0,0,0,1
68,57,0,122.287990951171,93.8483521250464,91.06499024118479,0,0,0,0,0
69,68,0,85.0722088253067,104.10946466021099,107.71403693928002,1,0,0,1,0
70,18,0,119.204381028889,111.772156079851,84.2420852247211,0,0,0,0,1
71,1,0,107.78599306505801,117.39033587806001,113.37730840076999,0,0,1,1,0
72,81,1,90.6712343177824,89.5638833022548,86.3841846669896,0,0,1,0,1
73,65,0,66.6378838260858,92.20583056362041,99.06197864713621,1,0,0,0,1
74,4,0,107.837358817626,99.83817218289221,111.084852791247,0,0,1,1,0
75,24,0,113.27260530299601,114.696551952368,79.6998202852688,0,1,0,0,0
76,74,1,85.3313779769807,97.0452263816167,91.4131353989674,0,0,0,0,1
77,74,1,82.5282191076538,109.638423702737,96.5979961208589,0,0,0,0,1
78,16,0,90.636828612749,101.801610451346,130.055985128168,0,0,1,1,0
79,88,0,112.60532995587499,100.274340904129,87.9836311173932,0,0,1,1,0
80,28,0,78.6659308082895,110.51840767343398,111.078453638246,0,0,1,0,0
81,92,1,70.1017188061852,92.5590667268942,131.734206033081,1,0,0,0,0
82,49,0,99.12691885267309,105.45578904535499,113.464436916463,0,0,1,1,0
83,39,0,129.815587555633,104.070275828454,99.86173260141321,0,1,0,0,0
84,18,0,129.358668618135,95.4877995865312,104.75824390607201,0,0,0,0,0
85,80,0,86.430680267044,104.693943085313,86.3961799808754,0,0,1,1,0
86,81,1,127.64326439260701,92.644797575282,98.0551415163719,0,0,1,0,1
87,65,1,95.2453990570643,115.95038640582199,100.417860174062,0,1,0,0,0
88,79,1,83.4942365876273,93.4004699912755,121.297759826569,0,0,0,1,0
89,19,0,96.2196186480136,90.66213673457871,125.83852208616501,1,0,0,1,0
90,58,0,79.1113931011273,73.6071607008806,74.87462309988359,0,0,0,0,0
91,76,0,106.86718874284901,118.948357369232,97.42421086428058,0,0,1,0,0
92,92,1,111.255811350868,97.35998620727551,122.03427335297899,1,0,0,0,0
93,92,1,96.1203461808198,105.57619640924601,124.067119618007,1,0,0,1,0
94,52,0,86.1075142921743,93.6840793755196,83.1569608691616,0,1,0,0,0
95,29,0,108.413358774927,112.86803605753201,94.82251917289071,0,0,1,0,1
96,65,1,100.251850143202,93.3467349779993,88.15086762938249,0,1,0,1,0
97,8,0,117.90439955048001,89.84703399249442,73.17482048809408,0,0,0,0,0
98,53,0,121.67367924117701,100.007683805737,130.303501908373,0,1,0,0,1
99,40,0,60.2330663215384,107.527118534766,62.6571442396658,0,0,0,0,1
100,46,0,94.23091984981849,107.95834527928301,110.657784765995,1,0,0,0,1
101,5,0,74.48747425537009,99.1000938689444,79.5216171225256,0,1,0,0,1
102,41,0,92.45360900248508,92.49535193104691,140.160091064911,1,0,0,1,0
103,12,0,112.04741503775601,89.8495936303829,81.1009531251311,1,0,0,1,0
104,65,1,125.03269182775,101.163482122777,126.024076632982,0,1,0,1,0
105,80,1,96.0087845346873,84.5875536112717,95.2872533435288,0,0,0,0,0
106,93,1,109.67113774267,104.60033164995899,102.881956671073,1,0,0,1,0
107,63,0,154.924585323486,77.67724906715509,112.048806919732,0,0,1,1,0
108,77,0,105.758214546742,112.408930060942,112.242916523935,1,0,0,1,0
109,65,1,93.35727588784599,89.2903363889498,99.5577366447448,0,1,0,0,0
110,92,1,99.961581529566,105.94478765784099,114.997360098178,1,0,0,0,0
111,62,0,95.9222682584701,102.590467571097,89.9954886309039,0,1,0,0,0
112,52,0,111.723933351759,89.9333337589148,112.72740669738998,0,0,1,1,0
113,85,1,97.92827650004259,96.3070604917345,109.486698219371,1,0,0,0,1
114,92,1,128.72773484107,96.5898044959697,135.250775376116,1,0,0,0,0
115,92,1,133.10770664799298,104.051493026846,120.95862861914699,1,0,0,0,0
116,88,1,126.705861902611,92.4419703650027,104.907186909242,0,0,1,0,0
117,80,1,150.695689528674,111.988761506953,85.8635472912536,0,0,0,1,0
118,58,0,80.01967528395691,120.84406297355,116.30644524391,0,0,0,1,0
119,55,0,74.57754142521871,113.00184397925501,114.51893287533899,1,0,0,0,1
120,33,0,140.985874411662,87.2500662836738,125.47337206991199,0,0,1,0,0
121,13,0,35.7636019932176,106.33552886101299,94.1885221350322,0,0,1,0,1
122,34,0,91.6082213477323,114.86170356825501,104.153620625064,0,1,0,1,0
123,85,1,103.707550808905,92.41019193573611,91.1002929958145,1,0,0,0,1
124,65,1,111.809436697215,75.4802747843516,112.846841099477,0,1,0,1,0
125,80,0,124.860104069951,118.149778081614,113.887910662665,0,0,1,1,0
126,41,0,112.73643013801001,92.3734984262924,85.4898006455395,0,0,0,0,1
127,65,1,102.194994045511,93.38983164208571,70.11393138582129,0,1,0,0,0
128,65,1,128.317297548147,106.729156992143,94.741784198989,0,1,0,0,0
129,43,0,94.0117168391878,91.93279642470542,111.4627320735,0,0,0,0,1
130,80,1,91.3993172925577,99.9194958342181,80.8328907039353,0,0,0,1,0
131,80,1,102.709719554577,102.84677778690799,108.32429906736999,0,0,0,0,0
132,55,0,77.46661049611009,89.20179927959579,84.5391075353401,0,1,0,1,0
133,88,1,143.864742065685,95.87773954157811,117.161092268518,0,0,1,0,0
134,17,0,93.91140450846208,106.036413230306,112.541860388337,1,0,0,0,0
135,86,1,122.863438457303,115.917602774871,72.54074697175808,1,0,0,0,1
136,3,0,120.07429005641701,102.992073231124,91.29538600567119,0,0,1,0,1
137,81,0,65.1129114532487,105.45356097324199,97.05480755673521,0,0,1,0,1
138,93,1,75.99730079140099,96.3718599016988,98.9340865527327,1,0,0,1,0
139,65,1,90.59983598281342,98.0743814155546,96.263613601552,0,1,0,1,0
140,55,0,85.9797639257234,104.271184936057,121.445299627342,1,0,0,1,0
141,25,0,111.66906168288999,93.2722330123621,119.010168694167,0,1,0,0,1
142,93,1,86.9966434632626,91.0384639160745,58.5852075926022,1,0,0,1,0
143,82,1,93.62245546510759,94.0147863865749,70.85057766858021,0,0,1,0,1
144,13,0,143.861242680759,108.481702468964,93.2378867715019,0,0,1,0,0
145,19,0,64.2856574239792,114.037572026435,123.75511695481501,0,0,1,0,1
146,86,1,97.5334512140937,96.30481564168079,76.9080840528664,1,0,0,0,1
147,60,1,77.8361048524238,112.83254425796801,121.786371059274,0,1,0,0,1
148,81,1,95.78219396095899,112.793400620669,98.6350135029307,0,0,1,0,1
149,80,1,80.1609630151375,109.94252434654301,113.98390027766001,0,0,0,0,0
150,93,1,114.629874905308,102.294442011511,51.10694479702471,1,0,0,0,0
151,43,0,82.67022465928099,106.235353336955,115.375705181562,1,0,0,0,0
152,63,0,101.12110879074801,87.703860344186,117.678155866477,1,0,0,0,1
153,45,0,85.4702501025217,111.54867865037399,84.48907863086579,0,0,0,0,0
154,93,1,129.585306099462,93.69210818116291,84.9157247213964,1,0,0,0,0
155,77,0,113.090877702855,109.36980931009899,95.60612507144279,0,0,1,0,0
156,9,0,113.414853264632,108.08116325346501,110.05617831131399,0,1,0,0,1
157,60,1,84.11160975294659,118.78118837319599,106.942328247493,0,1,0,0,1
158,62,0,84.24156074239471,101.836649073322,80.45487362835959,0,0,1,0,1
159,82,1,96.8404823476972,117.828951464694,73.47330363848829,0,0,1,0,1
160,29,0,112.745001631496,91.6176697347715,100.954566699519,0,0,1,1,0
161,65,1,92.35071863716058,106.193923154273,107.537179188728,0,1,0,0,0
162,49,0,73.1451386057527,95.24348535408008,120.78102410129401,0,0,1,0,0
163,72,0,121.108531117477,95.09554946881521,104.781153200842,0,0,0,0,1
164,16,0,82.6110017451367,113.156381166646,130.545163183228,0,0,0,1,0
165,56,0,125.84497232211599,94.11466680499821,88.6899698552587,0,1,0,0,1
166,80,1,99.43119894220291,96.43331087334101,55.9111968271688,0,0,0,0,0
167,40,0,96.06869558126179,105.220633243305,120.27849074342899,0,0,1,0,1
168,57,0,89.1437800649713,106.311011107728,76.40645579096041,0,1,0,0,0
169,88,1,82.3942970464039,96.82672815347641,125.431537602933,0,0,1,0,0
170,93,1,122.519103850655,100.332336641171,93.4436474328797,1,0,0,0,0
171,20,0,114.67344541039199,91.86074592472731,88.29586579992491,0,0,0,0,0
172,12,0,104.106059752901,105.96285570638001,113.616254215735,0,0,0,1,0
173,57,0,104.128514543804,91.53258819674922,110.080273661635,0,1,0,0,1
174,65,1,86.499783540738,86.63641816482429,92.64598660836641,0,1,0,1,0
175,50,0,102.543664484748,94.8255951297316,67.1684648653583,0,0,0,1,0
176,42,0,114.70066643470301,109.093552914285,108.69681843308001,0,0,1,0,0
177,49,0,89.6226491275226,102.993882288579,142.02849533286698,1,0,0,0,0
178,65,0,101.15848082272,89.23415453359871,111.18697774381599,0,0,1,0,0
179,65,1,51.6995079596533,58.547301108828705,60.5182043713699,0,1,0,1,0
180,44,0,81.5031072163448,104.11410335072901,73.2757312400517,0,1,0,1,0
181,92,1,134.95260423364,88.48010080230499,108.677366445166,1,0,0,1,0
182,9,0,89.3200640799271,95.97596256274271,98.2371673563208,0,1,0,0,1
183,48,0,80.9496280304893,106.302558801453,96.2574823344912,0,1,0,1,0
184,49,0,81.8294053430611,104.98255341519399,102.28914946551501,0,1,0,1,0
185,65,1,107.434867163307,90.8230365507307,138.413340480249,0,1,0,1,0
186,36,0,116.69378808661101,104.52553424473801,107.338477312999,0,0,0,0,1
187,60,1,85.4440521078382,107.337355064899,86.7257157635082,0,1,0,0,1
188,81,0,80.00815226178821,92.9453275828412,104.999458474932,1,0,0,1,0
189,24,0,110.643917311425,98.1407180793817,86.39503296867208,0,0,1,1,0
190,60,1,90.8461495764975,107.245502737414,102.92889868796101,0,1,0,0,1
191,65,1,99.49925474655609,103.38316108636299,119.750757221994,0,1,0,1,0
192,63,0,78.77184657114509,93.16231384169892,85.0243110069676,0,1,0,1,0
193,93,1,71.1055681931039,108.693176493761,81.73936164507859,1,0,0,0,0
194,92,1,70.35776432575611,93.1699200054257,149.872297556087,1,0,0,1,0
195,65,1,93.245430078262,89.396624645203,107.184047492644,0,1,0,1,0
196,28,0,88.68783476493981,86.6913342470727,128.379991586387,1,0,0,0,0
197,25,0,65.5516316131054,89.23078421422609,148.014580915674,0,1,0,0,0
198,74,1,129.453860278329,108.619746884907,97.54660485308071,0,0,0,0,1
199,20,0,119.25715613622299,100.67069459066,65.0410986136274,0,0,0,0,0
200,93,1,122.502900086477,87.0835998729072,73.0078469443342,1,0,0,1,0
201,57,0,89.34513419781179,102.95764699495399,97.16886592048,0,0,1,0,0
202,46,0,105.154881168955,95.19828834891491,116.970625339454,0,1,0,0,1
203,60,1,96.4364559773802,102.89298282793699,114.85339172222,0,1,0,0,1
204,56,0,98.14785491684451,110.38885210727301,138.490816254417,0,0,1,0,0
205,1,0,92.10080195411129,89.9946108482843,97.29228958441651,0,0,0,1,0
206,76,0,87.09276088556079,98.3847484150597,79.95705582948521,1,0,0,0,1
207,31,0,102.333639429427,96.422984339337,80.7516607943767,0,1,0,0,0
208,54,0,91.6377596794944,116.734085844821,125.553105930304,0,0,1,0,1
209,1,0,104.65853015043899,107.537665798584,126.374316818177,0,0,0,1,0
210,64,0,116.81495350237499,85.5881518113194,95.1568734716053,0,0,1,0,1
211,53,0,87.9676361130109,91.20086693463942,113.260218406132,0,0,1,1,0
212,62,0,96.1406712872515,79.33497737489671,139.35200243957502,0,0,0,1,0
213,12,0,53.4501816144547,79.649829156162,103.629850124074,0,0,0,0,0
214,76,0,90.385761750259,104.533784524065,111.323186176476,0,0,1,1,0
215,53,0,67.8933614127178,99.51692219133001,111.848820484061,0,1,0,1,0
216,86,1,111.516036428972,99.11730397786829,94.1795350727101,1,0,0,0,1
217,29,0,121.389009804764,83.71084563030401,101.806529782829,0,0,1,0,1
218,80,1,147.41389191094,87.44533598532931,100.040835341083,0,0,0,0,0
219,65,1,109.744643234235,89.67105475928001,138.547325457341,0,1,0,0,0
220,60,0,79.8289114388198,101.068984190191,99.3682461185409,0,0,0,0,0
221,65,1,104.64141080861799,111.41883954720899,96.5115437919121,0,1,0,1,0
222,88,0,79.9061586975692,77.43338581033579,71.1694724697557,1,0,0,1,0
223,47,0,121.624882542245,98.6943042768565,74.75057567402601,0,1,0,0,0
224,3,0,110.735068064077,113.291775916506,54.532868924468296,1,0,0,0,0
225,65,1,101.749202399594,92.0145277808525,103.765406840488,0,1,0,0,0
226,19,0,71.81758968950709,100.280969415627,102.269367236838,1,0,0,0,0
227,65,1,108.156817947281,102.231343982768,83.4708123998765,0,1,0,0,0
228,50,0,105.038294455497,93.95323863967708,120.490000163659,0,0,1,0,1
229,30,0,90.4843121927931,106.833223174156,55.011663248289395,0,0,1,1,0
230,58,0,96.5734058442389,108.549876891192,112.95623635184299,0,0,1,1,0
231,82,1,93.48628393133801,92.91598649971479,76.2444793940861,0,0,1,0,1
232,26,0,79.0391301008476,106.411891444556,102.71173976739401,0,1,0,0,0
233,93,1,124.74286851262801,97.8535232649657,98.3404982085417,1,0,0,0,0
234,80,1,110.080005537734,96.8407181503768,100.855971567369,0,0,0,0,0
235,64,0,109.747259935345,108.05303887196301,96.1423979857082,0,0,0,1,0
236,46,0,72.2555346474148,117.67165360380501,89.68002082398192,0,1,0,0,0
237,80,1,94.397622648099,95.026443168495,87.0392535757974,0,0,0,1,0
238,58,0,99.1729528006459,105.20153160976999,56.1165183953106,1,0,0,0,0
239,25,0,123.51050115730801,105.96904064303301,92.6534459585189,1,0,0,1,0
240,80,1,102.185641046964,89.0669125732228,93.8497169901536,0,0,0,1,0
241,27,0,87.2214553574883,87.38629913070179,86.81281172288,0,0,0,0,1
242,93,1,95.8067128046548,92.91202985003729,87.6720936354097,1,0,0,1,0
243,8,0,123.026381769351,101.292341240001,113.809836136182,0,0,0,0,0
244,24,0,88.1084557089243,99.41904421193091,89.8388080404031,0,0,0,0,1
245,80,1,88.67721938767271,97.5218275351826,98.97230006895599,0,0,0,1,0
246,48,0,110.607237659582,103.83730694491301,121.15245241600701,0,1,0,0,0
247,52,0,38.787547674956606,116.491816902258,125.00252625575001,0,0,1,0,1
248,65,1,89.33143547847129,85.1521899915463,108.599887750867,0,1,0,1,0
249,74,1,75.8159811388468,106.12377042012301,96.25360917826609,0,0,0,0,1
250,24,0,85.22611100113971,114.971844223101,85.4191914645429,1,0,0,0,1
251,85,1,83.58406007823521,79.7245103489956,124.636707368923,1,0,0,0,1
252,93,1,108.72059307322701,100.89185792350901,100.878362539408,1,0,0,1,0
253,16,0,96.6171322699214,110.210490556505,92.23282144095958,0,0,0,1,0
254,13,0,108.77690387386,87.499101609154,89.65043059019291,0,0,0,0,1
255,22,0,101.358068878559,81.4129988243187,105.767959945976,1,0,0,0,0
256,86,1,129.002099512595,93.132400578472,84.84584222845021,1,0,0,0,1
257,58,0,97.1085423116109,103.113254645779,121.280986039934,0,0,1,0,0
258,60,1,116.694429364681,106.48507193959999,107.711954131823,0,1,0,0,1
259,93,1,115.185748237625,101.14966325991699,91.47168832696529,1,0,0,1,0
260,88,1,89.4051208188957,89.4682459696252,96.8340415361873,0,0,1,1,0
261,86,1,88.7702394489168,110.715457750688,79.61013171540179,1,0,0,0,1
262,62,0,114.142562044188,97.905471116968,165.16995511602502,0,0,0,0,1
263,92,1,79.25673700642879,97.4245067658007,113.802776420347,1,0,0,0,0
264,65,0,103.73682142532199,97.6829740509652,104.781465967037,0,0,1,0,1
265,88,1,96.1058687862829,83.88845914426959,76.37176899395008,0,0,1,1,0
266,81,1,119.514682011811,102.377579659223,97.89313353982858,0,0,1,0,1
267,22,0,88.1520493651797,106.602144603858,113.076283597544,0,0,0,0,1
268,45,0,76.7685908255345,98.69889549058979,90.7500059082498,0,0,0,1,0
269,59,0,116.30874151728099,97.6750484318373,107.035627959302,0,0,0,0,0
270,35,0,81.9485519080474,109.631448604162,89.6033666866992,0,0,1,0,1
271,18,0,114.354914569116,91.1675775637388,117.169567464062,0,0,1,1,0
272,38,0,48.590346607889,107.018974635254,82.6723395111623,0,0,1,1,0
273,81,1,99.52789866890271,94.5718040517603,110.781497474752,0,0,1,0,1
274,92,1,81.3731458392522,91.7099194137588,131.421716946244,1,0,0,1,0
275,80,1,72.296058067071,98.6510039082774,89.75361583310992,0,0,0,0,0
276,61,1,105.70660645378099,103.486197455044,59.641956813267605,0,1,0,0,1
277,4,0,85.2906006530485,73.29862984122941,108.48340194576299,1,0,0,0,1
278,48,0,95.72174211962351,104.694728762248,111.71389160252,0,1,0,1,0
279,63,0,81.9252100807152,87.5975959643428,110.90668879105499,0,0,0,0,1
280,31,0,127.25804781970601,97.6539167340485,111.91595923496901,0,0,1,0,1
281,65,1,89.75231565766359,106.45196674615102,141.08275923295201,0,1,0,1,0
282,65,1,90.9448930016202,92.35356060263359,140.60302131862198,0,1,0,1,0
283,93,1,79.6395838345243,115.057382986905,87.22372543041858,1,0,0,1,0
284,81,1,130.199167583955,97.95620176102379,126.076739364169,0,0,1,0,1
285,65,1,112.585711804335,101.61426348930401,80.8356847423374,0,1,0,1,0
286,13,0,86.0248506819794,80.53200773984071,172.54413981748797,0,0,0,1,0
287,35,0,98.942463411478,90.3191477290107,82.0924398623885,0,0,1,0,0
288,92,1,107.914156147455,107.515457861752,124.397205028578,1,0,0,0,0
289,65,1,100.52583971420601,108.764540724354,111.984119141896,0,1,0,0,0
290,85,1,100.152475860196,105.376844615707,112.68532124862,1,0,0,0,1
291,73,1,74.66116757806621,116.087086882528,129.490271537379,0,0,0,0,1
292,54,0,101.927719416266,98.61359172361419,97.9027508657038,0,0,1,0,0
293,56,0,122.329002057831,99.43018499921291,113.288758588706,0,1,0,0,0
294,61,0,72.3400919271847,104.698883958552,124.927553664933,0,0,1,0,0
295,12,0,84.5219747863177,93.23293591845119,87.9103466497434,0,1,0,1,0
296,26,0,108.06783287901301,106.34399902222401,87.0038070127853,0,0,0,0,0
297,60,1,102.83123754278499,93.54105464346901,105.149357684567,0,1,0,0,1
298,17,0,77.3020351170526,95.2452684909305,102.45445258064001,0,0,1,0,0
299,65,1,92.2762609230389,83.6923652142421,78.03294026592229,0,1,0,1,0
300,18,0,93.21014475302641,74.9681394303578,120.07010730623101,0,1,0,1,0
301,35,0,81.9576667833287,112.201848657227,116.49807290940201,0,0,0,1,0
302,60,1,118.033622385179,98.5280414494673,131.592074643887,0,1,0,0,1
303,49,0,104.16005515359801,87.36072497298929,99.8563085137967,0,0,1,0,0
304,85,1,90.20638283037229,101.731938776693,115.197937759897,1,0,0,0,1
305,30,0,101.35263931131901,98.4694512385569,73.0842095511148,0,0,1,0,0
306,81,1,84.4139390155142,110.822950862136,101.174139354804,0,0,1,0,1
307,66,1,90.4498772371524,113.957099046856,72.4068456255942,0,1,0,0,0
308,83,0,113.023796478016,104.880336198356,86.1166357214842,0,0,1,0,0
309,14,0,79.531097783022,100.487596215651,53.460822232410706,0,1,0,1,0
310,80,1,104.36270631142901,88.17677958434601,80.2736798869006,0,0,0,1,0
311,79,1,112.06338813433399,112.229484186411,147.05231336142901,0,0,0,0,0
312,79,1,108.837523320387,94.495237423008,120.420925424326,0,0,0,1,0
313,7,0,118.101248979958,109.519365484327,107.370707314478,0,1,0,0,1
314,80,0,127.371350791504,103.573497600551,111.225128696336,0,0,1,0,0
315,44,0,73.20541659485491,87.27730432069971,94.81097721831291,0,0,0,1,0
316,46,0,89.6800915015125,102.25336921466999,108.454824534182,0,0,1,0,0
317,85,1,173.282540827248,111.662654298252,124.708910165742,1,0,0,0,1
318,81,1,83.5748834620501,106.489472643687,107.773253362082,0,0,1,0,1
319,5,0,133.06398890466002,84.460125355203,108.89893237023199,0,0,0,0,0
320,51,0,113.28497620402901,102.652780938162,109.579811518039,0,1,0,1,0
321,49,0,103.890858474369,108.44777041281601,99.5807682881509,1,0,0,0,1
322,51,0,116.246305009716,80.8182919124197,92.6006396687901,0,0,0,1,0
323,80,1,93.6982343298828,106.25010295300699,100.561501698409,0,0,0,1,0
324,4,0,124.630087218962,94.236525933808,99.5212991619006,0,1,0,0,0
325,55,0,114.583173891617,91.7753354577021,85.70228143873291,0,1,0,0,1
326,66,0,86.9022032148312,98.9122858157102,88.9968662213266,0,0,0,0,1
327,9,0,71.48203945794191,89.4694515181956,132.747711796651,0,0,1,0,1
328,76,0,95.3103348048632,93.4641183631213,78.1293819348885,1,0,0,0,1
329,65,0,111.622580444356,93.89606385852079,125.27755948811001,0,0,1,0,0
330,71,0,105.971447847015,87.36748742401319,106.551715177033,1,0,0,1,0
331,85,0,96.46384171486869,120.25095657015,107.80493090666,1,0,0,0,0
332,21,0,99.0036527255048,97.32850274972272,72.77187234637721,0,0,1,0,0
333,45,0,146.482609959968,98.8482515387825,106.979032786164,0,0,1,0,1
334,74,1,109.819570711956,90.7115116689378,66.8532764477708,0,0,0,0,1
335,78,0,94.038525448479,96.57974053214491,127.291351440555,1,0,0,1,0
336,56,0,97.3011312164176,90.8700041666766,80.6965671992975,0,1,0,0,0
337,60,1,86.4175554470993,103.155599174658,137.10407711501801,0,1,0,0,1
338,6,0,132.093877033479,96.41462828874891,123.03063186358999,0,1,0,0,1
339,50,0,114.27811791401899,95.16679302083081,88.99069700714671,0,0,0,0,0
340,28,0,70.0457688073586,104.98020143056,70.6616966917578,0,0,1,1,0
341,93,1,122.973006074713,94.18413115235779,95.6383973497058,1,0,0,1,0
342,69,0,88.9917655236571,94.0895584649205,89.4148844172307,1,0,0,0,1
343,28,0,104.731654311236,102.861365490141,109.62809347913999,0,0,0,1,0
344,46,0,67.4631450489307,100.31283018674101,88.6162240608059,0,0,0,0,0
345,24,0,86.6568872211224,110.355744312866,105.59970201873199,1,0,0,1,0
346,61,0,130.620585384325,117.53624638242201,72.8538466732044,0,0,0,0,0
347,77,0,136.346695280938,96.6079761457015,99.9695410376174,0,0,0,1,0
348,54,0,117.686364916119,105.263691364113,69.38300102933171,1,0,0,1,0
349,22,0,86.8192969446454,85.2584180386851,115.92664426112101,1,0,0,0,0
350,63,0,77.4245434966431,89.9580439500202,112.27267521644698,0,1,0,0,0
351,81,1,136.547799564104,97.29373332822149,105.38996908221,0,0,1,0,1
352,65,1,75.46380429249079,113.005929972055,122.009132113596,0,1,0,1,0
353,81,1,91.11156321065079,103.137791750193,99.6825913342914,0,0,1,0,1
354,74,1,126.434525653713,105.31482472321301,107.896672021421,0,0,0,0,1
355,66,0,93.3146256481827,97.2627603662759,90.1288101102304,0,0,1,0,0
356,85,0,76.0691456574683,97.07369970097031,83.249853384348,0,0,1,1,0
357,30,0,106.831263333509,101.21358110212499,79.9111735255025,0,1,0,0,0
358,80,1,104.702919800968,101.730224619316,68.5900158534665,0,0,0,1,0
359,80,1,64.9793402105286,102.102483148552,82.67734264868741,0,0,0,1,0
360,63,0,90.9917675783353,93.9534549898847,81.09924954543659,0,0,1,0,0
361,19,0,76.2381411465394,106.72159967100201,123.118131836517,0,0,0,0,1
362,54,0,112.25210746411501,102.83989514493601,103.103579378148,0,1,0,0,0
363,40,0,105.5142855907,99.48156441035759,62.0868276111813,1,0,0,0,1
364,35,0,138.996848475539,86.86899971895441,89.3593386063532,0,0,1,0,1
365,29,0,80.7822454022459,94.55384280918041,87.47371345923821,1,0,0,0,1
366,89,1,58.2824038334035,99.0438599170654,59.183753896066506,0,0,1,0,0
367,80,1,126.20749580981001,108.309433768199,115.59169389163799,0,0,0,0,0
368,33,0,111.737241042831,96.4704318601272,85.4737001683201,1,0,0,1,0
369,81,0,57.43642184347979,113.586128346986,88.2030025953689,0,0,1,0,0
370,80,1,84.13029987231609,97.3992180745318,92.5022644393984,0,0,0,0,0
371,88,1,89.42263504785429,117.87137392257,106.116978442789,0,0,1,0,0
372,77,0,88.4091057313497,96.9675276109082,102.877008208792,0,0,0,1,0
373,8,0,100.77704801387699,86.1899776382202,93.7743782187842,0,0,1,0,0
374,2,0,132.825074309486,103.291525219235,132.917355537785,0,0,0,0,1
375,14,0,93.80107698199421,95.2204350603405,114.194658330098,1,0,0,0,1
376,80,1,116.034760770925,113.029899016979,118.98411336837299,0,0,0,1,0
377,74,1,79.2104734528328,91.62352994192841,98.4860332473504,0,0,0,0,1
378,38,0,63.475987278416994,101.284186351722,139.559247633557,0,0,0,0,1
379,65,1,105.410321652892,81.9330362662355,110.81743625009399,0,1,0,0,0
380,79,1,123.707528420136,95.05824196497541,114.31500009155899,0,0,0,1,0
381,41,0,108.449494919223,107.255388291963,125.34029097203,1,0,0,1,0
382,13,0,85.7802720117849,92.84483671983651,90.2360567033015,0,1,0,0,0
383,42,0,129.716031942834,101.189589520618,99.92397973170151,1,0,0,1,0
384,92,1,65.7483249045467,94.926313640919,102.343648535515,1,0,0,1,0
385,92,1,83.3672664018215,112.143634272588,115.093137834906,1,0,0,1,0
386,65,1,111.959184407894,117.93940837462699,98.5294338564402,0,1,0,0,0
387,34,0,133.894663532284,105.339567501214,90.33291737046909,0,1,0,0,0
388,65,1,95.3174682499008,80.6308894704528,92.21326953877158,0,1,0,0,0
389,65,1,100.35621258351,103.824800747764,86.0879406309417,0,1,0,1,0
390,65,1,104.655690428913,93.51583749697019,107.73814291844499,0,1,0,0,0
391,80,1,107.312106184681,99.2719729654935,102.030761186127,0,0,0,0,0
392,61,0,129.402663544774,105.403790691103,87.5560596465109,1,0,0,0,1
393,45,0,88.04750682576191,108.400040219926,90.87088495519859,1,0,0,0,0
394,33,0,129.540844997644,92.12162741490759,72.3770322609911,1,0,0,0,0
395,55,0,92.1617228960782,111.765402128864,112.22398017380699,0,0,0,0,0
396,86,1,81.0568759204583,97.77739652009942,68.7448646533643,1,0,0,0,1
397,2,0,96.68465851674091,91.4731916704487,92.5909681366316,0,1,0,0,1
398,80,1,77.0001110839389,98.53532535187951,97.1612124860255,0,0,0,1,0
399,61,0,127.821077998634,95.99036544490309,104.12036752428499,0,0,1,1,0
400,62,0,105.635963142078,92.74172011203791,98.90734463185551,1,0,0,0,1
401,23,0,86.36920159826721,80.867812703331,52.5812745703675,0,1,0,0,1
402,60,0,109.11772549718701,92.7776449632217,98.6866462728961,1,0,0,1,0
403,73,1,96.97853587433892,80.58066954742449,121.47550206031401,0,0,0,0,1
404,92,1,120.18420618458099,82.465577657416,132.258599093676,1,0,0,1,0
405,50,0,108.536148495676,107.429257190222,73.025329009038,0,0,1,1,0
406,92,1,79.3953376088118,94.7009006025749,115.178837583108,1,0,0,1,0
407,46,0,96.65174149077721,107.978142413257,116.748521468953,0,0,0,0,1
408,79,1,83.85966038058021,86.3624847493421,110.847140853272,0,0,0,1,0
409,67,0,85.57802723412141,100.672950492819,118.52663025410601,0,0,1,0,0
410,54,0,129.81582070354298,96.9559089484503,111.164723196705,0,0,1,0,1
411,27,0,93.67574478409651,101.920229781924,117.45096643848801,1,0,0,1,0
412,93,1,94.0129235544356,107.99437273188299,86.8242060497263,1,0,0,1,0
413,81,0,98.568893159432,106.07392472744101,62.08097086012611,0,0,1,0,1
414,86,1,85.5454686379548,103.56038048403299,95.4604446714956,1,0,0,0,1
415,6,0,97.52706923264451,101.24955202887399,113.426554452633,1,0,0,0,1
416,58,0,102.11670924382601,102.309393543076,100.717121795973,0,1,0,0,1
417,41,0,118.51379487615401,96.8172962748196,127.279811454154,0,0,1,0,1
418,43,0,88.3708172632466,88.252047255559,88.8561542915224,0,0,1,1,0
419,50,0,110.446073744857,99.5967327244228,100.252123368955,0,0,1,1,0
420,56,0,112.45110830588101,94.68967820220792,62.7168120458244,1,0,0,0,0
421,72,0,85.5622835093624,102.41859487316299,97.1437312340019,1,0,0,1,0
422,93,1,36.9572185184655,106.369383044482,87.5379946647903,1,0,0,1,0
423,86,1,123.302840746867,103.762328325033,49.032152703701705,1,0,0,0,1
424,5,0,86.6780299175041,97.62710346816358,107.559071174972,1,0,0,1,0
425,67,0,71.4909828700204,93.23240690139059,111.742241265385,0,0,1,1,0
426,85,1,69.53731477602939,82.6124651066287,120.291262210665,1,0,0,0,1
427,83,0,100.28486083158,102.43362159930099,106.18755158341,0,0,1,0,0
428,88,0,103.106906180194,100.22766285492901,70.15612853004001,1,0,0,1,0
429,33,0,99.1694966410939,109.040779740113,105.114770780283,0,0,1,0,1
430,82,0,89.03305935864441,102.11169804707599,120.45751598487,0,0,1,1,0
431,93,1,96.0062592815158,91.51747606040009,95.3094535679002,1,0,0,0,0
432,12,0,104.462267108792,100.07986041677601,78.3208273266128,1,0,0,0,1
433,20,0,144.831716892553,117.90777919383801,108.936224142379,0,0,0,1,0
434,92,1,95.1156514332107,84.6558046544867,122.73904478217199,1,0,0,0,0
435,69,0,66.9330274113447,95.69960941151491,115.368525666131,1,0,0,0,0
436,52,0,71.2233783616127,91.6444473847867,99.0634152497878,0,0,0,0,0
437,55,0,103.452460469939,99.76755610793371,128.075925519284,1,0,0,0,0
438,72,0,118.418412682938,98.54147054642799,112.48712502253001,0,0,1,0,1
439,65,1,57.193140908646,102.157621770882,106.448433456952,0,1,0,1,0
440,27,0,102.67665749097401,88.96320257597459,102.979857392178,0,0,1,0,1
441,80,1,133.779286559295,103.13996446949301,104.121542922843,0,0,0,0,0
442,74,0,99.21774610776959,85.0446983320266,71.4635286177983,1,0,0,0,0
443,66,0,116.81445603621201,96.56036436509831,122.275726244834,0,0,1,0,0
444,7,0,120.285993781689,103.454136846833,90.5682718857509,0,1,0,1,0
445,79,1,112.977876255953,98.378240103463,125.761465668493,0,0,0,1,0
446,92,1,116.740412221959,104.20459910801901,129.384728912948,1,0,0,0,0
447,73,1,94.388588285325,117.55457178075301,137.664512340087,0,0,0,0,1
448,53,0,116.98407568645901,85.8356836615256,104.98698549681299,0,0,1,1,0
449,88,1,73.7046001127577,95.07723859610859,105.511616444597,0,0,1,1,0
450,81,1,121.69115160768101,96.4482099919405,108.489184013918,0,0,1,0,1
451,93,1,107.271387192685,89.4304746531811,60.30010333666161,1,0,0,0,0
452,80,1,109.27961613544599,102.938774378057,113.522496332552,0,0,0,0,0
453,60,1,73.82682303883792,82.78028934743979,121.202287717573,0,1,0,0,1
454,87,0,100.769051526,111.50984442341002,97.47350299243391,0,0,1,1,0
455,51,0,112.20591885161899,101.936527644539,116.034736178109,0,1,0,1,0
456,38,0,97.922868883207,103.683904695345,95.77434809042809,0,1,0,0,0
457,88,1,81.7332567569493,95.6129818989221,134.63365605180098,0,0,1,0,0
458,93,1,101.071841300352,101.45977245298,100.46830951453,1,0,0,1,0
459,49,0,106.56046826056802,92.9306467330123,121.03382780252,1,0,0,0,1
460,58,0,103.842345971241,88.89829458784192,93.4348237420775,0,1,0,0,1
461,65,1,89.6355782147052,93.4156983125816,119.51390372645399,0,1,0,1,0
462,88,1,121.237458804813,88.68012128400851,86.8397438518232,0,0,1,0,0
463,57,0,99.2937147358617,98.01543530747499,122.86563168436399,0,0,0,1,0
464,1,0,141.042595240696,113.358821776198,91.3105535503129,1,0,0,0,1
465,74,0,62.117750369805606,95.05041839995572,84.0769422945685,0,0,1,1,0
466,49,0,86.45206246376058,85.44861354340209,86.0454160639727,1,0,0,0,0
467,92,1,114.237531900272,104.460985418796,139.940767878265,1,0,0,1,0
468,74,1,82.8792793655109,99.50867566102991,84.8228916768593,0,0,0,0,1
469,65,1,111.073486888011,90.4496745758684,89.9454705324975,0,1,0,1,0
470,18,0,105.67158443525899,114.58804594147101,120.043248950529,1,0,0,0,1
471,2,0,81.9639913426735,82.5599055927156,69.8157220466426,1,0,0,0,0
472,84,0,88.595563544328,92.0172321154608,57.0791138757327,0,0,1,1,0
473,93,1,93.66493104147249,114.648220052837,104.03890863913901,1,0,0,1,0
474,21,0,125.242931219187,96.1106484565167,122.751084636802,0,1,0,1,0
475,16,0,122.414271177354,104.50291358860599,73.5428182936219,0,0,1,0,1
476,34,0,116.55709772593599,91.86136700101031,86.4181617324583,0,0,0,1,0
477,88,1,124.91990096669,110.83175527200501,81.4869980651296,0,0,1,0,0
478,81,1,91.48387458872679,103.915681955398,105.979752672816,0,0,1,0,1
479,88,1,99.2095646656635,102.742668583164,76.1582084849931,0,0,1,1,0
480,60,1,105.373392674162,87.22617683552471,72.0667170555982,0,1,0,0,1
481,35,0,70.9590223594592,91.05610685949141,83.54544288604609,1,0,0,1,0
482,74,1,100.864796859246,108.02516138385599,86.01073964093071,0,0,0,0,1
483,12,0,62.3357999764781,92.24498991966209,93.7036655590274,0,0,0,1,0
484,60,1,98.19445357144221,94.19122048390341,75.883324809915,0,1,0,0,1
485,11,0,94.55845182497481,97.76062025189009,81.06775078334559,0,0,0,0,0
486,48,0,101.72353419069599,87.62102968783871,110.268819650388,0,0,1,0,0
487,62,0,94.602398885013,99.9041787374622,76.5383493721362,0,0,0,0,1
488,59,0,110.934903492598,93.210895130837,155.383885662236,1,0,0,0,0
489,93,1,68.43805126855621,87.65995975419871,91.9192181532937,1,0,0,1,0
490,5,0,124.06032098103,106.602517787526,100.136732813361,0,1,0,1,0
491,59,0,98.01613128239279,97.5377027764583,99.2039655581169,0,0,0,0,1
492,55,0,146.333341848625,98.2375059149169,103.20923730493901,0,0,0,1,0
493,79,1,143.807082623188,106.32396013446899,122.02055797580499,0,0,0,0,0
494,11,0,94.60611059252109,113.972122275195,68.8084123986482,0,0,0,0,1
495,18,0,83.2948558959737,107.504630626063,94.22380183433441,1,0,0,0,1
496,55,0,92.6527338858318,88.29525666428378,95.7104215902557,0,0,0,1,0
497,93,1,115.019428176277,113.862350860306,86.3152361220742,1,0,0,1,0
498,81,1,127.267799770335,84.2694932441904,93.0302748939447,0,0,1,0,1
499,80,1,95.91575356059099,95.0658102931294,84.5935947159323,0,0,0,0,0
500,80,1,95.0757550792684,104.609516399834,68.8734965637444,0,0,0,0,0
501,74,1,87.5083165734186,90.0848879444927,74.3331566387379,0,0,0,0,1
502,65,1,129.966435145808,95.76767248843159,110.724367196665,0,1,0,0,0
503,93,1,143.587259593435,87.5294052286467,95.5987960262838,1,0,0,0,0
504,79,1,121.392016201665,116.157060243636,131.38327231140102,0,0,0,0,0
505,23,0,98.22614059941358,102.259017497682,71.95119998334721,0,0,0,0,0
506,34,0,67.473275545814,107.315640850505,83.05283880668419,0,0,1,0,1
507,85,1,105.90763141466299,116.032056113746,119.30190936449301,1,0,0,0,1
508,52,0,93.099811465931,103.466190672127,71.49777570992958,0,1,0,1,0
509,65,1,119.136948334995,101.32288185979601,82.6631704333684,0,1,0,0,0
510,71,0,88.1862131144336,116.038864303825,103.525233712955,0,0,1,1,0
511,60,0,86.00046399021721,100.13408666698099,111.421224911864,0,1,0,1,0
512,38,0,79.743721472278,88.1970400882297,96.9471570815175,0,1,0,0,0
513,66,0,91.0513861371901,97.5246644134486,78.6174266061584,1,0,0,1,0
514,39,0,101.676734915787,104.465463180462,78.7549545458093,1,0,0,0,0
515,74,0,109.55796615175801,115.13058170114401,126.39215475693001,0,0,1,0,1
516,55,0,110.007172557802,110.676993080956,149.44672025239902,0,0,1,0,1
517,54,0,69.0231752458386,103.640010497281,49.8199026378714,1,0,0,0,1
518,59,0,118.412843318525,98.19892543813879,73.3733313527285,0,0,1,0,1
519,27,0,86.07064379782301,104.91503146484101,137.60615459474,1,0,0,0,0
520,34,0,152.247259071176,104.46502164751301,68.166865138964,0,1,0,0,1
521,7,0,124.38063958832,101.543218484727,102.611437814176,0,0,1,1,0
522,20,0,130.776028602374,107.100044158904,94.5256947037284,1,0,0,0,1
523,88,1,97.00377887565,104.619984296206,120.703500349181,0,0,1,1,0
524,41,0,103.222429853566,88.18026489117291,99.37885469677349,0,0,0,1,0
525,8,0,76.3140171421711,96.53014316139108,77.8065786054196,0,1,0,0,1
526,31,0,71.3220851500687,101.34296638047701,117.539157895717,0,0,1,0,0
527,36,0,137.212822940476,108.457016365429,133.62405484839,0,0,0,0,1
528,92,1,126.819169254288,83.3110949342233,117.66696290500099,1,0,0,0,0
529,81,1,88.0162078868757,101.284749552094,93.07884664984141,0,0,1,0,1
530,23,0,77.5284340045188,102.37635660324601,107.68873126588801,1,0,0,0,0
531,86,0,76.1966482874448,102.69190072984001,95.97696993040371,1,0,0,1,0
532,88,1,97.8614058392145,108.59116033474399,99.86760888931542,0,0,1,1,0
533,34,0,86.143927741775,94.8690641564518,128.106399413465,0,1,0,0,0
534,25,0,98.56261934767271,96.52450220571009,49.84846939169189,0,0,0,0,0
535,60,0,113.22692853079201,128.5950382599,96.4887392716014,0,0,0,0,0
536,13,0,77.9098028053159,81.71882304604759,116.27016757127,0,1,0,0,1
537,65,1,73.4390873298102,104.02795667261199,94.9069267288887,0,1,0,1,0
538,42,0,79.31455063118071,97.4011803260534,78.5064614661066,0,0,0,0,0
539,74,1,82.898004582812,89.93110271314501,77.2732841320437,0,0,0,0,1
540,16,0,83.31611893894791,102.653860266742,106.32379782968,1,0,0,0,1
541,56,0,87.5132178147223,115.461282003485,104.024232920398,0,0,1,0,0
542,2,0,69.9398975741455,86.29238721376029,91.86198316079651,0,1,0,0,1
543,40,0,80.40071611916319,116.07755850691002,94.01098349255959,1,0,0,0,1
544,8,0,71.9863277658513,91.9602387556708,109.951767954085,0,0,1,1,0
545,93,1,79.524182956074,89.0224113499365,90.3098982243133,1,0,0,1,0
546,74,1,87.07413339813179,123.267693504058,101.006416290827,0,0,0,0,1
547,53,0,108.929216525704,86.16872259460159,107.69512745478,1,0,0,1,0
548,12,0,95.06305507663821,105.985944837959,108.008286561862,1,0,0,1,0
549,65,1,98.4117459641671,101.09834542819401,100.763012433118,0,1,0,0,0
550,92,1,105.38312401655001,106.417317704028,133.650469907251,1,0,0,1,0
551,34,0,75.17163243282471,99.0688751643314,105.636083488595,1,0,0,0,0
552,92,1,111.27304163898701,84.0277513642061,122.19684283812401,1,0,0,0,0
553,93,1,89.10571118536998,94.89606947668699,93.73461694173571,1,0,0,0,0
554,80,1,136.363399032275,89.90204761117751,77.3760986979806,0,0,0,0,0
555,44,0,98.4683561017738,100.230812236062,117.35280312537701,1,0,0,1,0
556,60,1,64.10778850817489,97.408473261851,133.744831662494,0,1,0,0,1
557,35,0,101.11461409475599,101.443588733347,102.25266853102501,0,1,0,0,1
558,22,0,87.6698225491988,122.35912512643101,89.4313582582135,1,0,0,0,1
559,46,0,133.483558273956,96.44604137784509,86.1177334705843,0,0,1,0,0
560,8,0,92.26027172361161,88.160594743489,125.67507181494499,1,0,0,0,1
561,71,0,96.7089701151625,111.76311626149099,102.402376943337,1,0,0,0,1
562,85,0,109.626239793362,99.7041413175942,112.41827852095501,1,0,0,0,1
563,40,0,101.632660096327,82.8415193906025,97.3135436981735,1,0,0,1,0
564,92,1,102.34094308928101,90.8066525905072,109.233879061013,1,0,0,1,0
565,9,0,95.03146635797579,99.04378210540541,133.463781387037,0,0,1,0,0
566,47,0,97.5639994248352,97.82876697832609,79.98840238809392,0,0,0,0,0
567,53,0,98.32962284836941,100.593810918323,115.57410467287399,0,1,0,1,0
568,16,0,98.85788462562651,94.5961915775676,114.293405610252,0,0,1,0,1
569,17,0,94.68950331106659,108.28221078778,89.0581329758517,1,0,0,0,0
570,65,1,96.87798631462759,98.3245499679405,111.127674058419,0,1,0,0,0
571,88,1,91.6457395090191,103.859003324832,92.3452669325506,0,0,1,0,0
572,19,0,112.403327450774,107.738366744759,111.479289516057,0,0,0,1,0
573,77,0,137.36690770401302,98.2630189444944,87.225264736008,0,0,1,0,0
574,65,1,87.71379376036779,82.1579422983614,121.869235987125,0,1,0,1,0
575,63,0,110.083131033781,112.981255134109,96.62748213514351,1,0,0,1,0
576,47,0,94.0060208703756,102.141170308859,55.626373585861394,0,0,0,0,1
577,10,0,68.66148374980139,106.17035460387,71.75791100939891,0,0,0,0,1
578,80,1,95.3239756730385,103.290379069403,109.411016202253,0,0,0,0,0
579,74,1,116.631920812448,113.131656166672,83.18867140164271,0,0,0,0,1
580,53,0,86.8200704137517,107.21417662551501,95.7994367400252,0,1,0,1,0
581,92,1,83.41775868918909,91.629271676119,148.12840182372,1,0,0,1,0
582,55,0,83.8698941466232,122.349205572493,62.54817493147571,1,0,0,1,0
583,48,0,123.04604795237302,103.75440812211001,95.8259289585454,0,0,0,0,1
584,85,1,94.60705052980481,102.85312588233,100.272025565929,1,0,0,0,1
585,65,1,112.893970938301,104.742757300075,107.36063064916401,0,1,0,0,0
586,61,0,109.259770620019,92.2501738436271,70.1168101959722,0,1,0,0,0
587,32,0,127.266919390447,93.9293256402371,73.306119703627,0,0,0,0,0
588,86,1,99.64954628978359,104.90925180341499,93.43342613717181,1,0,0,0,1
589,60,1,51.462223948625,100.551116866637,106.51140307553601,0,1,0,0,1
590,85,0,67.4667273558034,111.228097854918,89.08602617574292,0,0,1,0,0
591,18,0,124.544449478572,94.49411537849319,130.882358188402,0,0,1,1,0
592,81,1,70.2315432702041,118.904873300173,103.649681485203,0,0,1,0,1
593,81,1,93.6250424507039,111.779329340345,126.99957636196001,0,0,1,0,1
594,80,1,80.8034881973998,101.637449980656,116.465016131973,0,0,0,0,0
595,78,0,90.07038619628891,86.5167871790737,129.787745431393,0,0,0,1,0
596,39,0,99.94713692781151,88.07971633059509,100.81534924986201,0,1,0,0,0
597,88,1,82.4880749715973,94.06325121274081,118.09454483739401,0,0,1,0,0
598,79,1,111.766172366061,97.2245922654652,116.803067113169,0,0,0,0,0
599,28,0,80.5392380722922,105.454307043823,117.11482014065201,0,1,0,0,1
600,86,1,119.14717239644301,88.6978330670181,44.058619366616604,1,0,0,0,1
601,74,1,75.24853056165,106.87432445662901,53.8688915421606,0,0,0,0,1
602,81,1,97.50182643215621,92.2280386632482,80.80015924994359,0,0,1,0,1
603,34,0,56.918704779724905,74.74741543230449,94.9233969683204,1,0,0,0,0
604,80,1,96.1052436562064,116.493253755881,97.14318757966291,0,0,0,1,0
605,2,0,69.0458009875591,104.21461419472,83.07660209238459,0,1,0,0,0
606,80,1,83.1243668851917,103.954519913139,92.1182029739134,0,0,0,1,0
607,49,0,96.02595509749091,101.766574470597,129.395918327533,0,1,0,1,0
608,73,0,62.212398640684,97.98055543228399,112.045723026727,0,0,0,0,0
609,12,0,113.033943198844,111.21965299141199,107.99987866834101,1,0,0,0,1
610,18,0,90.24452612088258,109.52341748554599,123.347188765842,0,0,1,0,0
611,88,1,115.25073402074301,112.15881504571999,102.082981703978,0,0,1,1,0
612,60,0,110.881229389371,90.7489880491111,105.055992831972,0,1,0,1,0
613,15,0,73.647483883472,108.878362182499,120.11197812680099,0,1,0,1,0
614,44,0,131.502407698309,106.5461545208,109.803034918713,0,0,1,0,0
615,30,0,130.08947694698,96.3677465463466,103.608343788988,0,1,0,0,0
616,12,0,107.34091954969801,89.5379914245562,76.7571512538491,1,0,0,1,0
617,80,0,89.8822227357201,103.847033231518,90.8944963494642,0,0,1,1,0
618,60,1,84.2510443868531,101.345903697692,137.731650736163,0,1,0,0,1
619,77,0,99.5522835147389,99.2654850389908,91.4661691604249,0,0,0,0,0
620,9,0,105.705985314247,93.901440404445,114.699901776122,0,0,1,0,1
621,17,0,63.688294858670304,87.0401166242022,124.594329758108,1,0,0,1,0
622,74,1,104.17149102964001,106.38568230438801,104.016076901761,0,0,0,0,1
623,92,1,110.868929477591,98.5840231965362,121.56052075505801,1,0,0,0,0
624,85,1,85.2043483642503,108.833449438044,119.16404309558901,1,0,0,0,1
625,80,1,132.613006127246,94.9246753432268,86.815609477175,0,0,0,1,0
626,61,0,90.1999152146795,87.72408077414259,148.794877323806,0,0,0,1,0
627,38,0,105.84951062247801,120.822109015319,102.82934593485099,0,0,1,0,1
628,48,0,105.508898367029,117.321656086361,92.4026811704867,0,0,1,1,0
629,65,1,84.75126749028621,121.810666141841,102.970259971178,0,1,0,1,0
630,55,0,107.64131802628401,113.515251151315,90.91127210242139,0,0,1,0,1
631,88,1,85.58348491982821,106.112353053383,92.0846080770726,0,0,1,1,0
632,80,0,93.2828922485173,112.06360996294599,95.2177329298806,1,0,0,0,1
633,86,1,87.59504619274608,90.7036618663612,71.4124343389831,1,0,0,0,1
634,61,0,92.1591562077155,102.992346134046,85.1545664072389,0,0,0,0,1
635,77,0,89.1326431886754,108.28124336975701,114.635356963965,0,0,0,0,0
636,61,0,137.107418641161,89.7534733554905,83.12919201022629,0,0,0,0,0
637,80,1,103.697095083749,119.08724054012801,107.22021274478,0,0,0,1,0
638,85,1,85.332118379031,92.9757765648247,139.864170196802,1,0,0,0,1
639,71,0,114.671871554839,106.019761417246,90.69467730741259,0,0,0,0,1
640,35,0,88.7183346497995,79.23709872764421,123.575621133011,0,0,1,0,0
641,7,0,103.91988221838498,104.467181357552,114.68602229451,0,0,0,0,0
642,10,0,116.205152281744,95.817619837652,114.043888875796,1,0,0,0,1
643,80,1,112.504778253501,95.3980058935308,86.0916824383788,0,0,0,1,0
644,60,1,112.256435716188,85.24114777806291,106.784924014892,0,1,0,0,1
645,80,1,78.91818983701421,80.50030303381259,87.98640894040399,0,0,0,0,0
646,60,1,100.221632030219,101.370570794389,112.342235007857,0,1,0,0,1
647,65,1,68.8318041172373,100.007589588715,77.62546518978009,0,1,0,1,0
648,46,0,100.13038316890498,94.5852992165945,120.325406971828,1,0,0,0,1
649,93,1,92.97667486867572,98.6413713576309,101.33211558869,1,0,0,0,0
650,50,0,81.60561713438271,88.65239580462229,80.0583213480508,0,0,0,0,1
651,28,0,126.165319768889,93.4988474239358,87.98386126631279,0,1,0,0,1
652,92,1,106.057901436073,80.7513541140388,111.462918406537,1,0,0,1,0
653,51,0,83.8438751319971,96.46360873271021,92.7982037406028,0,0,1,1,0
654,12,0,126.85925281881399,92.5552908688487,109.743820250271,0,0,1,1,0
655,4,0,89.9994370970126,104.972911618981,129.98789388099,0,0,0,0,0
656,65,1,96.5322425170987,96.26037495469559,76.08557046082109,0,1,0,1,0
657,53,0,99.2394026103005,105.93697479324,100.62305186193599,0,0,0,0,1
658,35,0,115.306203828538,105.92670712292299,75.19061893895001,0,1,0,1,0
659,20,0,104.62156973181,113.248421246858,110.26723760358,1,0,0,1,0
660,60,0,111.315166762489,106.434611702541,77.2103046300889,0,0,0,1,0
661,56,0,99.16793819852819,99.38605273196221,93.00411662688191,0,0,1,0,1
662,72,0,105.003465262036,113.907965773793,92.9299633930976,1,0,0,0,0
663,60,1,130.51733344655898,94.2423532865275,77.07077761817008,0,1,0,0,1
664,37,0,106.10007789862,99.8478869275563,93.3457500816103,0,0,1,0,0
665,80,1,79.2557320528821,112.672458727712,124.73685103320601,0,0,0,0,0
666,10,0,114.68432383042801,112.86513827230499,76.5562660837345,0,1,0,0,0
667,60,1,146.498272433847,101.08990781465499,136.03009801927,0,1,0,0,1
668,9,0,95.42828460936441,104.935888686602,128.788080113885,0,1,0,0,1
669,9,0,58.5750453752094,107.64411097851101,75.9997620984225,0,1,0,1,0
670,32,0,96.3452805976347,91.2946541712666,84.8126125289925,1,0,0,0,1
671,31,0,114.02353114486701,111.60558393936,108.894300835276,0,0,1,0,0
672,65,1,117.62665959265699,95.72529242840099,107.460070285233,0,1,0,1,0
673,65,1,58.1638887645848,83.2134352681523,84.0440596434691,0,1,0,1,0
674,86,1,138.263884368275,91.0466141977727,73.2970268800115,1,0,0,0,1
675,73,1,96.8019612714731,100.871134180854,127.427890839813,0,0,0,0,1
676,60,1,89.2336315538991,96.9985798302133,124.48475802710101,0,1,0,0,1
677,80,1,136.581014911996,92.8224746947861,87.67851893297359,0,0,0,1,0
678,58,0,117.99045506197399,97.0600035856134,128.81291600279602,1,0,0,0,0
679,32,0,121.69380746998002,92.38315302361299,112.167476036308,0,1,0,0,1
680,79,1,83.5091538351685,80.1990022760118,135.16931720483498,0,0,0,1,0
681,24,0,60.19879410456671,112.29033078196998,101.88223416467899,0,0,0,1,0
682,65,1,120.494634791252,120.35550798863899,103.59519903424,0,1,0,1,0
683,71,0,78.354412238083,115.103077618824,120.46869829417,0,0,0,0,0
684,56,0,105.646762344018,99.50597350274109,73.96276076360121,0,1,0,1,0
685,79,1,99.7311280105537,78.91376846845559,103.067457006567,0,0,0,0,0
686,56,0,100.622360482138,98.09015002567291,126.848541892046,0,0,1,0,0
687,65,1,116.703036162141,99.45324660494171,80.7230668722157,0,1,0,0,0
688,46,0,87.6360283260654,108.108532439459,85.16860070562609,1,0,0,0,1
689,80,1,102.517674853611,109.475650292353,95.6068447103343,0,0,0,1,0
690,49,0,92.9433658428739,91.91059339520771,118.64298805215,0,0,1,0,1
691,2,0,62.392406929904794,89.08275674766979,88.76889672746591,0,0,1,0,0
692,85,1,92.5087779359725,106.551166950701,106.54796724372,1,0,0,0,1
693,73,1,95.12069013832328,83.9118849357624,121.03854723426599,0,0,0,0,1
694,24,0,90.18068383030099,104.25124056327101,90.37342085634658,1,0,0,1,0
695,67,0,90.08072328918091,114.425863309785,86.14057499706159,0,0,1,0,1
696,88,1,90.0301403914192,95.6251302705805,121.659697432572,0,0,1,0,0
697,81,1,85.1263468110365,112.589162098443,104.285315347215,0,0,1,0,1
698,42,0,141.304979554687,100.565399010007,90.6878310010313,0,1,0,0,0
699,5,0,69.2933731378324,109.41790769043001,111.64420270568,1,0,0,1,0
700,88,1,114.521523515095,110.50974251723,107.12630615444,0,0,1,1,0
701,31,0,66.059145976304,91.081150485555,132.896025317937,0,0,0,1,0
702,73,1,101.22796309656,95.88523063042351,112.073241860606,0,0,0,0,1
703,88,1,110.009032053894,111.668187318444,108.566199985613,0,0,1,0,0
704,80,1,102.13072540774799,117.04544268588002,80.1088730572052,0,0,0,1,0
705,20,0,102.564554397532,115.503112468693,91.4687400922579,0,1,0,0,0
706,16,0,113.440766055756,84.5625508546815,98.2746301877989,1,0,0,0,1
707,4,0,46.6012872137129,114.499636259747,71.80056052371941,1,0,0,1,0
708,7,0,111.516371471989,98.3150514872475,123.30529263330901,1,0,0,0,0
709,56,0,99.46358827822071,109.146359568299,119.977205538209,1,0,0,0,0
710,41,0,93.79716809979479,92.2308754802939,117.877573163753,1,0,0,0,0
711,45,0,81.67473274657829,81.8535625844448,83.4224949575423,0,0,1,0,0
712,62,0,116.61235686133999,99.9635432517845,137.474175494424,0,0,1,0,0
713,26,0,105.33981982542299,106.051066613452,105.30916132947901,1,0,0,0,0
714,8,0,102.528555349696,109.669688779633,125.603284357915,0,1,0,0,1
715,19,0,115.527927100133,102.912478432254,92.3792372236842,1,0,0,0,1
716,88,1,82.86997594929609,108.388114290592,105.11527937140801,0,0,1,0,0
717,79,0,123.10834889171001,109.965786430139,119.854050069583,1,0,0,0,0
718,2,0,113.724281187535,97.61950710055972,102.49711340320101,0,0,1,0,1
719,90,0,87.7272739080677,117.513535266003,42.279597766321295,1,0,0,0,0
720,5,0,92.580452697868,116.196699200695,105.827094393542,1,0,0,0,1
721,88,1,72.8785474212056,99.8110313185056,99.98644583233109,0,0,1,1,0
722,18,0,84.5373623560985,106.097189208293,141.89141866111402,0,1,0,1,0
723,57,0,121.70534587128901,96.5370162708913,108.30304951870701,0,0,1,1,0
724,72,0,49.6053855479535,94.56565418202509,81.185397434286,0,0,0,0,1
725,80,1,92.4834689939549,102.69481734823401,91.39246184122,0,0,0,0,0
726,60,1,91.588863590478,111.162111721777,102.876240524163,0,1,0,0,1
727,80,1,104.55124449377399,103.1169775303,96.7626775932951,0,0,0,0,0
728,65,1,113.730144240324,102.254016423603,92.7930258500565,0,1,0,1,0
729,42,0,116.54878970143801,93.29411388008259,100.45920650455601,0,0,1,0,1
730,93,1,87.73855424680409,100.04359143114,104.753569019152,1,0,0,0,0
731,38,0,121.87135075094801,107.83590695757401,114.60017745997801,0,0,1,1,0
732,60,1,70.3645894319333,104.68350889871799,93.4643858997224,0,1,0,0,1
733,62,0,134.487436569205,84.0437323741189,120.35306899673999,0,0,0,0,0
734,65,1,77.206813266042,95.447115721961,111.535179342983,0,1,0,1,0
735,42,0,89.50688382205679,94.3758002308034,99.8181956822662,0,0,0,1,0
736,65,1,101.76875943263201,107.24651134304199,99.63780660789959,0,1,0,0,0
737,26,0,92.1788063369368,101.07218736385,67.25648331832579,0,1,0,0,0
738,35,0,126.125499872732,102.262387168853,90.11035352421659,1,0,0,0,1
739,17,0,113.119993415793,101.10925120846301,75.30231631862229,0,0,1,1,0
740,2,0,113.60909372669501,83.4626706081488,104.12249107152,0,1,0,0,0
741,16,0,88.0459389823543,94.64992969869292,90.7504788996154,0,0,1,1,0
742,24,0,80.4479466293855,87.76108376767179,112.60888482686501,0,0,1,0,1
743,59,0,98.59001084962841,104.655601976266,127.05988020447799,1,0,0,0,0
744,79,1,127.520601130562,75.9128399100338,119.86134195266001,0,0,0,0,0
745,37,0,93.7078383953429,114.39669899100599,115.083244936206,0,0,1,1,0
746,93,1,81.28916813298291,105.856818483924,80.7574210939405,1,0,0,1,0
747,26,0,92.54071699957441,88.18427275197571,115.335348939576,1,0,0,1,0
748,27,0,135.587120988838,97.88356459308399,92.8093523573804,0,1,0,0,0
749,65,1,81.7571894591243,99.35744751497391,98.51566602051442,0,1,0,1,0
750,52,0,65.6428227933253,76.7585225274212,113.51637481708,0,1,0,0,1
751,62,0,94.41582295647291,95.07311710409941,107.69674656524599,1,0,0,0,1
752,53,0,106.448893671766,108.400587609471,93.3584222708733,0,0,1,0,1
753,67,0,82.1781931894425,88.83202799052559,102.72505352372299,0,0,1,0,0
754,49,0,114.798646026789,93.48883156751431,54.8546393226011,0,1,0,0,0
755,58,0,111.645398933767,87.89884994443621,79.455241051827,0,0,1,0,1
756,33,0,95.6187804507497,103.393377424025,109.786354091542,0,0,0,0,0
757,88,1,119.07289160177099,111.12766511156,116.16497068059601,0,0,1,1,0
758,65,1,114.68976870864901,92.6529158167902,111.159329987284,0,1,0,0,0
759,65,1,97.6198715258798,95.60150259467409,88.3718086715071,0,1,0,1,0
760,80,1,33.4819173739532,102.3103092865,97.3596163121248,0,0,0,1,0
761,16,0,82.4232275807251,81.03770520655509,83.0373630466096,0,1,0,0,0
762,10,0,72.01005055984429,109.560394694703,132.494906823491,0,1,0,0,0
763,4,0,95.8327036133292,102.60873997248699,102.729892505805,1,0,0,0,1
764,80,1,112.095678435251,95.3411234058531,91.1038514839737,0,0,0,0,0
765,72,0,82.5190051106874,99.43773299258041,95.5218672923502,0,0,0,1,0
766,79,1,96.4867897391371,96.47253257459009,134.09939173152398,0,0,0,1,0
767,77,0,100.103183589668,105.24492180797199,100.09561456733401,1,0,0,0,1
768,71,0,87.81222538529829,103.40708489411502,111.96655276885201,1,0,0,0,1
769,45,0,113.516983092085,76.9998978898144,77.1940138458473,1,0,0,1,0
770,81,0,110.076247015662,97.36370028641029,89.4780498190924,0,0,1,0,0
771,82,1,81.36962424050779,109.062212471763,82.35935334341251,0,0,1,0,1
772,46,0,90.149575180169,108.50004829743999,82.3729522824267,0,0,0,1,0
773,26,0,91.0614926864155,104.884681100262,60.611231867922704,0,1,0,0,0
774,21,0,119.414061851537,112.10134592250401,85.2889721120372,0,0,1,1,0
775,8,0,104.75869550444901,126.311063509427,99.3258668722044,0,0,0,0,0
776,31,0,118.393599186045,94.38309589514,110.93819363186701,0,0,0,0,1
777,85,1,92.68039618631651,103.875756643707,121.421019745004,1,0,0,0,1
778,19,0,94.15601842864142,123.08062960155,105.36451532662501,0,1,0,0,0
779,81,1,93.2421182339023,108.706662745329,110.18290062948401,0,0,1,0,1
780,41,0,61.94270337291061,81.57661877354529,127.59782946628201,1,0,0,0,1
781,28,0,92.4367138377595,103.41578135005699,84.35551243715841,1,0,0,0,1
782,80,1,75.0604638963667,91.7310362812711,57.3453489146842,0,0,0,0,0
783,88,1,83.3248388508332,97.97364021375259,65.2158058494889,0,0,1,1,0
784,66,1,87.6475140055766,112.668549076447,77.5931425504083,0,1,0,1,0
785,65,0,87.0932000203398,100.263297576831,96.76811894171921,1,0,0,0,1
786,10,0,122.789816345409,81.32268697403971,87.0565522778329,0,1,0,1,0
787,80,1,106.331734494565,107.40809928225401,107.47688742573,0,0,0,0,0
788,65,1,70.9206611952499,98.72240235972392,76.5423950207686,0,1,0,1,0
789,65,1,83.03044607368741,107.653848339358,92.0262432559305,0,1,0,0,0
790,44,0,113.06810600243901,94.9443965556823,106.551892597936,0,0,0,0,0
791,80,1,113.601145048328,92.24315126446741,109.87601545165899,0,0,0,0,0
792,17,0,81.0760668793931,92.81724306204609,123.087804656998,0,1,0,0,1
793,22,0,89.2295409366197,114.830325553685,117.892556306727,0,0,0,1,0
794,47,0,92.01036136755859,95.8537946963735,114.171407594193,1,0,0,0,0
795,5,0,57.6076493527578,100.554324527102,73.99386306362359,0,0,1,0,1
796,47,0,131.838501127813,107.530493225846,93.02570296191429,0,0,1,1,0
797,27,0,138.99630466319599,97.67299843894101,104.96968080315,0,0,0,1,0
798,42,0,107.17968324570299,84.2625139272945,111.56310013823901,0,0,1,0,0
799,92,1,113.598509669226,87.0388450647058,112.49520721081001,1,0,0,0,0
800,37,0,124.15309545918998,97.4404755559626,101.9253400447,1,0,0,0,0
801,92,1,108.33938479923599,102.17656187563699,121.32590620967699,1,0,0,0,0
802,4,0,117.78238086573,94.535666299812,91.7259946250026,0,0,1,0,1
803,88,1,89.35061975053699,95.22812544662929,99.08231664670721,0,0,1,0,0
804,30,0,81.4141117884751,77.84237127207709,76.292863507807,1,0,0,1,0
805,78,0,75.80609175682041,80.4163060224563,101.580448707219,0,0,1,0,0
806,23,0,89.06199119376629,99.90487826869659,73.71605988569779,1,0,0,1,0
807,9,0,96.7098603781385,89.49637124356849,91.6726344725448,0,0,0,1,0
808,31,0,113.211629033395,102.38712739453501,81.90237741206471,0,0,1,1,0
809,79,1,81.94738030722209,90.1244818848003,114.567064895611,0,0,0,0,0
810,68,0,85.5622779384859,111.910814310679,95.971602395821,0,0,0,1,0
811,80,1,104.682079566605,106.736098352312,102.60079363858499,0,0,0,1,0
812,43,0,115.84885705041401,89.6165290524473,138.311966001442,0,0,0,0,1
813,80,1,114.22409149373101,92.5743852478854,81.3959705129434,0,0,0,1,0
814,29,0,96.965223230762,102.83601813941799,104.78560208583201,0,0,0,1,0
815,74,1,114.26312312869301,86.83758483433701,86.6339073741702,0,0,0,0,1
816,92,1,105.07470547798599,98.5553628200248,130.55707670335698,1,0,0,1,0
817,80,1,129.921743734323,104.598326113951,65.183466876795,0,0,0,1,0
818,66,0,119.542965202817,94.4393188753526,114.924337405881,1,0,0,0,0
819,88,1,90.2011857089605,89.4217557735472,119.594037749054,0,0,1,0,0
820,37,0,105.57128671076299,101.767056528396,63.1844973820875,0,0,1,0,0
821,80,1,85.2162556103824,88.5730061304573,70.9246501409262,0,0,0,1,0
822,12,0,56.90766195398721,70.9288149058456,110.712201485806,1,0,0,0,0
823,65,1,107.25842165829,108.282775437246,93.9139531769994,0,1,0,1,0
824,23,0,102.155737138369,103.431657527529,87.24826930639308,1,0,0,0,1
825,69,0,112.147416468458,104.163561410902,82.1359640528392,1,0,0,0,0
826,49,0,101.80515886811199,116.53106264273701,106.730516749791,0,0,1,1,0
827,81,1,83.48699368064091,100.55880375808201,128.30331830752502,0,0,1,0,1
828,40,0,126.349715546221,119.012286643612,80.55511582469391,0,0,1,0,1
829,44,0,124.35892333513901,97.1990799083023,46.85704695150121,0,1,0,0,0
830,72,0,114.859804618291,110.473900224977,91.6140059615513,0,0,0,1,0
831,93,1,77.7050486761931,83.97763667038059,64.8801309751327,1,0,0,0,0
832,69,0,117.083810952513,101.99197278598301,96.95931027341021,1,0,0,0,0
833,49,0,111.47225356573601,85.84924473113871,128.333247598643,0,0,0,0,1
834,4,0,122.206450322857,94.67305419222309,112.41788757726499,0,1,0,1,0
835,81,1,111.02571413732099,93.4060281692057,80.9902805367926,0,0,1,0,1
836,65,1,76.813903294985,88.48760552187491,97.9172383833022,0,1,0,1,0
837,5,0,87.41407070618109,94.774535359547,97.7820893461043,0,1,0,1,0
838,22,0,95.4696821025688,75.4592705223102,120.365847499277,0,1,0,1,0
839,80,1,106.11301271596201,102.38131859077,93.4080193141226,0,0,0,1,0
840,73,1,86.07886826742079,96.4323304023649,149.92461095558,0,0,0,0,1
841,88,1,94.4694695620266,116.727759232265,80.76109252787741,0,0,1,1,0
842,88,1,95.21735067766261,106.119759722529,88.4373061434382,0,0,1,1,0
843,39,0,85.8074895572626,93.0252441674858,96.35685889539091,0,0,1,0,0
844,58,0,138.729935989791,84.2504359495864,73.31904290609108,1,0,0,0,0
845,67,0,97.3210501161455,93.09866927893299,114.87436134945699,1,0,0,0,0
846,60,1,88.46874408670999,104.743458643195,86.8344726668916,0,1,0,0,1
847,29,0,83.4581562728964,83.7654192631704,108.42643508626,0,0,0,0,0
848,44,0,132.833544551539,106.03072718603,84.6399810998457,0,1,0,1,0
849,5,0,64.8410215754344,87.63241888053508,84.7436549797603,0,0,0,1,0
850,31,0,130.463301913896,113.028930156797,109.897673393932,1,0,0,0,0
851,5,0,89.3066100869048,98.7170897614138,99.7638966491434,1,0,0,1,0
852,79,1,84.6746399018659,87.14461217185999,124.535869949026,0,0,0,0,0
853,38,0,112.86763069381901,119.129510294769,119.151982968433,1,0,0,1,0
854,2,0,99.55729988838492,75.0627995311105,101.147842341866,0,1,0,0,0
855,92,1,62.8618686523724,112.962169773157,117.168646473612,1,0,0,1,0
856,34,0,96.4221917046109,98.2275089269364,95.2603725852861,0,0,0,1,0
857,74,1,120.16762376246099,88.7397275622317,71.327371454793,0,0,0,0,1
858,73,1,103.321884893937,77.6515200379768,124.68955988026899,0,0,0,0,1
859,63,0,90.1625600116705,91.4352160876259,110.701908706778,1,0,0,0,0
860,65,1,94.2472324592404,107.26020295809401,77.8161934438164,0,1,0,1,0
861,31,0,104.280550593274,97.6116493884714,106.867087991264,1,0,0,1,0
862,42,0,104.43445919925301,99.8088716714741,92.74548647885331,0,1,0,1,0
863,42,0,39.7831759075674,102.65798089632,108.62182899286199,0,1,0,0,0
864,19,0,97.8708050053129,104.02552405280301,78.4914548988429,0,0,0,1,0
865,36,0,101.584674354346,93.1968558630464,53.6855277223295,0,0,0,0,1
866,36,0,117.02219415875099,91.2739045044897,99.18399216940139,0,1,0,1,0
867,16,0,79.97226263161309,116.112016213322,127.390165702571,1,0,0,0,1
868,79,1,87.4219902406398,110.941574208273,129.691510238393,0,0,0,1,0
869,80,1,62.6464620094631,101.556931072526,115.48007746471599,0,0,0,0,0
870,60,1,92.7775120407198,101.03644920962,99.01180072689958,0,1,0,0,1
871,51,0,65.25918124644171,98.87480429621759,86.52544178212929,0,1,0,1,0
872,67,0,139.574341707324,100.50873820727301,69.3801140853131,0,0,0,1,0
873,88,1,86.6914631149507,96.4931868526626,72.2289225235837,0,0,1,1,0
874,19,0,107.590114920623,87.9166301571143,122.154180198603,0,0,0,0,1
875,35,0,113.43520021396499,94.6979231283998,95.78505053086,0,0,1,1,0
876,2,0,106.696963627323,97.2130437160269,93.85869714783951,1,0,0,1,0
877,65,1,96.17271982899591,78.3052872169607,119.59580103560499,0,1,0,0,0
878,65,1,103.880588856535,112.01101668071101,133.459749716541,0,1,0,0,0
879,45,0,87.9165282647627,73.4345542279191,135.85132408601498,1,0,0,1,0
880,17,0,106.98412145024099,91.18789779887449,98.22838553071699,1,0,0,0,0
881,73,1,77.26951693711409,82.9994499257836,125.488360236616,0,0,0,0,1
882,65,1,92.3206762947378,99.02341879021928,113.188661032757,0,1,0,1,0
883,61,0,80.6077942105354,102.97762092835899,103.678927706926,0,0,0,1,0
884,93,1,81.13096086957641,104.56166497304899,93.48403916281342,1,0,0,1,0
885,80,1,138.375936621031,110.516148267421,112.985651060937,0,0,0,0,0
886,27,0,106.72945060522,101.12495788945299,100.169200166299,0,0,0,0,0
887,29,0,93.7806668198802,95.3532897177862,82.5664832759516,0,0,1,1,0
888,60,1,120.35128844877701,93.7715415110965,114.25165537649099,0,1,0,0,1
889,14,0,90.57959798306679,96.70531602579929,136.132131648649,1,0,0,0,0
890,60,1,42.4463567597024,92.8739865163991,105.60190679175699,0,1,0,0,1
891,18,0,138.445438899566,99.62344687445129,93.4746867018113,1,0,0,0,0
892,92,1,127.663169061224,95.7310666431701,133.623687647814,1,0,0,0,0
893,27,0,100.46018270696699,98.8213034653964,76.44334299594979,0,1,0,1,0
894,44,0,109.595852102977,90.89258319106241,143.359538632621,1,0,0,0,1
895,45,0,96.98795346814371,96.9869566630537,62.9561797659832,0,1,0,0,1
896,11,0,166.78589751818,97.2442129643244,89.58568737338311,1,0,0,1,0
897,38,0,91.166118172948,95.084968033432,101.350169765926,1,0,0,0,0
898,32,0,128.941108284977,97.2578513149365,88.6981998256806,1,0,0,1,0
899,56,0,98.83673629024179,104.908807231246,114.39002692472602,0,0,1,0,1
900,9,0,80.4212832606395,97.10285708159641,91.4403309989841,0,0,0,1,0
901,78,0,84.4662077589816,106.503241738528,96.46031058602942,0,0,0,1,0
902,60,1,89.95337574241621,88.16734820034179,116.543424717147,0,1,0,0,1
903,80,1,121.165890464274,102.841390252708,93.0974027955599,0,0,0,0,0
904,80,1,77.1208379634262,103.721079002493,78.2504807812204,0,0,0,1,0
905,93,1,81.7175242166868,101.342414865552,87.0179209950798,1,0,0,0,0
906,66,1,89.7426826436469,85.2581075655628,44.3310844093045,0,1,0,0,0
907,41,0,101.670179499452,82.0750448617688,102.365528404273,0,0,1,0,0
908,88,1,86.8875707520452,106.689326332525,95.55979965899469,0,0,1,1,0
909,67,0,95.59981156796059,97.55150136132191,129.203039005345,1,0,0,1,0
910,80,1,103.013545349882,86.5822292415085,69.5337653063958,0,0,0,1,0
911,54,0,98.6888670886026,125.381275750261,123.380580525208,0,0,1,0,0
912,55,0,106.648628910744,95.0887878706348,110.826474745833,0,1,0,0,1
913,81,1,101.63761101783199,97.60178300735609,118.04315209579501,0,0,1,0,1
914,40,0,128.220748467063,110.400329404125,85.3759846869705,0,0,0,1,0
915,88,1,101.8850303841,80.2063136361117,111.24012861327299,0,0,1,0,0
916,85,0,88.5508311153395,95.9758118601185,118.058886265463,1,0,0,0,1
917,60,1,122.108775706503,98.8245694776071,96.96869193076981,0,1,0,0,1
918,88,0,93.45679794704529,104.02952602544799,103.40749183842699,1,0,0,0,0
919,65,0,104.540168247066,108.42015645426201,104.40625631999399,0,1,0,1,0
920,79,1,74.8255137177933,86.2665960784239,109.508555330494,0,0,0,1,0
921,41,0,74.9767238141467,83.63147022387041,89.18130234538721,0,1,0,0,1
922,66,1,100.788761813154,98.597326722949,66.3390612258345,0,1,0,0,0
923,10,0,133.426557281384,107.433674364299,95.73557981111851,1,0,0,0,0
924,12,0,75.4853782028866,92.6194742376947,108.04239214022199,1,0,0,0,1
925,25,0,91.0677154125688,99.41313696791892,106.635945240515,1,0,0,1,0
926,25,0,113.874927103938,91.03431360101901,114.30535813000401,0,1,0,0,1
927,42,0,88.4095507185239,111.854257216143,92.5032038936592,1,0,0,0,1
928,12,0,69.8077903531524,83.6706984741884,82.23645825651191,1,0,0,0,0
929,80,1,129.18635122495598,90.9923787805677,91.1280691520989,0,0,0,1,0
930,57,0,112.929235186574,97.33062441786171,96.27540641280291,1,0,0,1,0
931,44,0,79.5945265280181,100.110695634099,98.4333213121093,0,1,0,1,0
932,9,0,90.7856832870142,94.0553705115077,84.7379742905923,0,0,0,0,1
933,81,1,52.497650014643405,90.0995447351695,84.8267048688071,0,0,1,0,1
934,17,0,110.333949305592,113.90851676184299,101.700593320356,1,0,0,0,0
935,65,1,64.0356358863887,99.82619872889191,106.398799341288,0,1,0,0,0
936,26,0,121.906454873808,78.6469029531353,101.499001086109,0,1,0,0,1
937,65,1,95.2803065363002,105.610241459506,104.22676751215299,0,1,0,1,0
938,65,1,119.001181708653,108.567260470961,90.21907270797041,0,1,0,0,0
939,73,0,103.881376394594,93.13317219569151,92.27922541509541,0,0,1,0,0
940,88,1,84.2947861579446,85.6502966198765,93.8146050556324,0,0,1,1,0
941,73,1,70.96539336277179,96.23301107328399,123.254813766654,0,0,0,0,1
942,66,1,71.9218338121937,106.890107581041,66.8680119960492,0,1,0,1,0
943,53,0,112.41225614076001,109.33997733514799,132.648993264951,1,0,0,0,0
944,63,0,94.5792747507238,100.776327045364,111.941480215095,0,0,0,1,0
945,77,0,98.1496603723837,84.2348113985768,99.7986698775181,0,0,1,0,1
946,93,1,98.37929005231881,96.9669772311924,76.2697388685177,1,0,0,0,0
947,88,1,120.615150212534,86.0993469295244,89.08310200640959,0,0,1,1,0
948,68,0,118.007052852791,84.59641030331859,109.63601802133002,1,0,0,0,0
949,74,1,110.197671163383,109.912878582755,96.71791287283821,0,0,0,0,1
950,27,0,80.19902714441791,108.44948626137199,96.2854732303093,0,1,0,0,0
951,13,0,100.09155242195101,98.56383772213059,127.80210819002,0,1,0,0,0
952,49,0,105.542133419864,97.2896882325505,112.937396298897,0,0,1,1,0
953,2,0,70.1656739522433,101.969442678528,114.62693982040501,0,1,0,0,1
954,80,1,75.6867736012953,97.2712821134553,112.48312529763399,0,0,0,1,0
955,18,0,150.140479814889,94.52318722985892,128.280953652807,0,1,0,0,1
956,23,0,107.521370317614,98.97375537153471,110.11425016039,1,0,0,1,0
957,14,0,85.7308837597874,104.260432423452,81.1547672997664,0,1,0,0,0
958,30,0,99.65564682186199,95.3030014575435,60.7023813819973,1,0,0,0,1
959,28,0,56.72643094978989,92.31284638831859,117.217717713906,1,0,0,0,1
960,65,1,81.7109819388698,99.1496512342939,93.1640645595539,0,1,0,1,0
961,34,0,102.05950593773399,83.97148642402391,86.2453297164671,0,1,0,0,1
962,88,1,103.24010419785999,106.615839960611,90.7020684743004,0,0,1,1,0
963,30,0,84.5824442819072,98.4200108707293,88.00175655152171,0,0,0,0,1
964,79,1,82.6150103293137,102.959645339476,124.04699749803001,0,0,0,1,0
965,44,0,104.412478461747,104.893409739122,117.273572631656,0,1,0,1,0
966,80,1,70.7641256612895,88.9026436745761,107.26099154852601,0,0,0,0,0
967,88,1,99.682035589655,115.84172893908199,104.07679260104601,0,0,1,0,0
968,88,1,74.03205980837019,81.4854042444685,122.949711555189,0,0,1,1,0
969,48,0,143.550338234337,97.50586632445,121.110584071774,0,0,0,0,1
970,81,1,77.6990000944392,109.949996850027,143.951990783592,0,0,1,0,1
971,81,1,79.7493862807102,78.2811540049413,87.93739851677022,0,0,1,0,1
972,81,0,90.7806375144853,99.8653775015039,99.6011895974003,1,0,0,0,1
973,60,1,117.70693307111,114.818522995601,104.299780011004,0,1,0,0,1
974,64,0,119.67800516187799,99.67938347223541,114.954666252222,0,0,1,0,0
975,88,1,70.1680288945757,93.1245831752499,86.0593083356735,0,0,1,1,0
976,86,1,83.276925146737,109.77980775633002,101.179965717105,1,0,0,0,1
977,80,1,111.991441545884,106.257524298426,110.33414151447799,0,0,0,1,0
978,65,1,102.776755652912,111.45177979791,112.95577030138399,0,1,0,0,0
979,55,0,87.946098001812,96.1374887416807,107.11178443629,1,0,0,0,0
980,25,0,92.57385891757531,103.656373890576,103.262856046623,1,0,0,0,0
981,52,0,88.20535721182291,110.34693145476801,99.496484747148,0,0,1,0,1
982,29,0,140.372906672303,104.539030537058,82.25351214806591,0,0,0,0,0
983,58,0,95.3075280139625,97.49013516047519,102.313445657299,0,1,0,0,0
984,66,1,76.76990774259859,110.10444547929899,76.7175160182748,0,1,0,1,0
985,36,0,119.033946752384,120.111932336088,70.32511371454079,0,0,0,0,0
986,88,1,113.76650086078199,88.4236764758274,110.09305366097901,0,0,1,1,0
987,67,0,109.76871150317899,93.3781170453668,122.159958517454,1,0,0,1,0
988,45,0,125.70187151614999,101.996721866586,58.3009581658401,1,0,0,0,0
989,30,0,93.88255715787051,103.12901490791799,110.232048937157,0,1,0,1,0
990,65,1,86.9875758152898,123.65612411275801,106.650884197261,0,1,0,0,0
991,76,0,87.85255835261101,94.2866872380249,114.10315169996001,1,0,0,0,1
992,60,1,115.750786490003,98.7622289596319,101.206650121264,0,1,0,0,1
993,65,1,94.6839659444501,108.96142150895201,118.027394355681,0,1,0,0,0
994,80,1,110.22974664172199,101.44552256525499,75.63057701710991,0,0,0,1,0
995,88,1,88.589759090443,112.16755610871901,99.8614556456245,0,0,1,1,0
996,88,1,116.72707512932699,110.87133186558201,95.07563133685841,0,0,1,0,0
997,22,0,104.02677837563401,88.2128726729247,83.2212203550307,0,0,0,1,0
998,78,0,104.911648705737,104.257295738447,83.4214910879095,0,0,1,0,0
999,63,0,116.901354130909,99.9986935939707,47.641493444302704,0,0,0,1,0
